# 3GPP TS 38.214, Table 5.1.3.1-4, MCS index table 4 for PDSCH.
# Source: ETSI TS 138 214 V18.9.0 (2026-04), p. 39.
# target_code_rate_x1024 is R multiplied by 1024 in the standard.
mcs_index,qm,target_code_rate_x1024,spectral_efficiency
0,2,120,0.2344
1,2,193,0.3770
2,2,449,0.8770
3,4,378,1.4766
4,4,490,1.9141
5,4,616,2.4063
6,6,466,2.7305
7,6,517,3.0293
8,6,567,3.3223
9,6,616,3.6094
10,6,666,3.9023
11,6,719,4.2129
12,6,772,4.5234
13,6,822,4.8164
14,6,873,5.1152
15,8,682.5,5.3320
16,8,711,5.5547
17,8,754,5.8906
18,8,797,6.2266
19,8,841,6.5703
20,8,885,6.9141
21,8,916.5,7.1602
22,8,948,7.4063
23,10,805.5,7.8662
24,10,853,8.3301
25,10,900.5,8.7939
26,10,948,9.2578
