scheme,modulation,code_rate,snr_db,bit_errors,information_bits,ber,blocks
6,QPSK,1,-4.0,31837,120000,0.2653083333,2
6,QPSK,1,-3.0,28634,120000,0.2386166667,2
6,QPSK,1,-2.0,25481,120000,0.2123416667,2
6,QPSK,1,-1.0,22269,120000,0.185575,2
6,QPSK,1,0.0,18965,120000,0.1580416667,2
6,QPSK,1,1.0,15568,120000,0.1297333333,2
6,QPSK,1,2.0,12259,120000,0.1021583333,2
6,QPSK,1,3.0,9356,120000,0.07796666667,2
6,QPSK,1,4.0,6761,120000,0.05634166667,2
6,QPSK,1,5.0,4416,120000,0.0368,2
6,QPSK,1,6.0,2790,120000,0.02325,2
6,QPSK,1,7.0,1522,120000,0.01268333333,2
6,QPSK,1,8.0,716,120000,0.005966666667,2
6,QPSK,1,9.0,543,240000,0.0022625,4
6,QPSK,1,10.0,495,600000,0.000825,10
6,QPSK,1,11.0,101,600000,0.0001683333333,10
6,QPSK,1,12.0,10,600000,1.666666667e-05,10
6,QPSK,1,13.0,2,600000,3.333333333e-06,10
7,16QAM,1,0.0,34235,120000,0.2852916667,2
7,16QAM,1,1.0,31545,120000,0.262875,2
7,16QAM,1,2.0,28356,120000,0.2363,2
7,16QAM,1,3.0,25469,120000,0.2122416667,2
7,16QAM,1,4.0,22517,120000,0.1876416667,2
7,16QAM,1,5.0,19579,120000,0.1631583333,2
7,16QAM,1,6.0,16937,120000,0.1411416667,2
7,16QAM,1,7.0,14334,120000,0.11945,2
7,16QAM,1,8.0,11715,120000,0.097625,2
7,16QAM,1,9.0,9186,120000,0.07655,2
7,16QAM,1,10.0,7181,120000,0.05984166667,2
7,16QAM,1,11.0,4951,120000,0.04125833333,2
7,16QAM,1,12.0,3323,120000,0.02769166667,2
7,16QAM,1,13.0,1993,120000,0.01660833333,2
7,16QAM,1,14.0,1118,120000,0.009316666667,2
7,16QAM,1,15.0,533,120000,0.004441666667,2
7,16QAM,1,16.0,551,300000,0.001836666667,5
7,16QAM,1,17.0,354,600000,0.00059,10
7,16QAM,1,18.0,94,600000,0.0001566666667,10
7,16QAM,1,19.0,14,600000,2.333333333e-05,10
7,16QAM,1,20.0,2,600000,3.333333333e-06,10
8,64QAM,1,4.0,33996,120000,0.2833,2
8,64QAM,1,5.0,31552,120000,0.2629333333,2
8,64QAM,1,6.0,28941,120000,0.241175,2
8,64QAM,1,7.0,26185,120000,0.2182083333,2
8,64QAM,1,8.0,23615,120000,0.1967916667,2
8,64QAM,1,9.0,20659,120000,0.1721583333,2
8,64QAM,1,10.0,18243,120000,0.152025,2
8,64QAM,1,11.0,15889,120000,0.1324083333,2
8,64QAM,1,12.0,13655,120000,0.1137916667,2
8,64QAM,1,13.0,11547,120000,0.096225,2
8,64QAM,1,14.0,9632,120000,0.08026666667,2
8,64QAM,1,15.0,7728,120000,0.0644,2
8,64QAM,1,16.0,5846,120000,0.04871666667,2
8,64QAM,1,17.0,4326,120000,0.03605,2
8,64QAM,1,18.0,2970,120000,0.02475,2
8,64QAM,1,19.0,1749,120000,0.014575,2
8,64QAM,1,20.0,991,120000,0.008258333333,2
8,64QAM,1,21.0,515,120000,0.004291666667,2
8,64QAM,1,22.0,531,300000,0.00177,5
8,64QAM,1,23.0,333,600000,0.000555,10
8,64QAM,1,24.0,98,600000,0.0001633333333,10
