k,n,iterations,snr_db,channel_ber,channel_bit_errors,post_ber,fer,bit_errors,frame_errors,frames,information_bits,evaluated_bits,padding_bits,channel_bits,rate,overhead,signal_power,noise_variance,decision_noise_variance
1024,3072,20,-6,0.2392450968424479,94075,0.244384765625,1.0,32032,128,128,131072,131072,0,393216,0.3333333333333333,3.0,0.25004323323567706,0.9954400409950358,0.4977200204975179
1024,3072,20,-5.5,0.2266871134440104,89137,0.2122802734375,1.0,27824,128,128,131072,131072,0,393216,0.3333333333333333,3.0,0.25004323323567706,0.8871868703927199,0.44359343519635996
1024,3072,20,-5,0.21323140462239584,83846,0.14446258544921875,1.0,18935,128,128,131072,131072,0,393216,0.3333333333333333,3.0,0.25004323323567706,0.7907061305374533,0.39535306526872666
1024,3072,20,-4.75,0.20650227864583334,81200,0.09174346923828125,0.90625,12025,116,128,131072,131072,0,393216,0.3333333333333333,3.0,0.25004323323567706,0.7464747224798398,0.3732373612399199
1024,3072,20,-4.5,0.19990030924479166,78604,0.03973388671875,0.6796875,5208,87,128,131072,131072,0,393216,0.3333333333333333,3.0,0.25004323323567706,0.704717580629609,0.3523587903148045
1024,3072,20,-4.25,0.19310760498046875,75933,0.01099395751953125,0.3046875,1441,39,128,131072,131072,0,393216,0.3333333333333333,3.0,0.25004323323567706,0.6652962967032846,0.3326481483516423
1024,3072,20,-4,0.1860809326171875,73170,0.00159454345703125,0.078125,209,10,128,131072,131072,0,393216,0.3333333333333333,3.0,0.25004323323567706,0.6280802048554825,0.3140401024277413
1024,3072,20,-3.5,0.17250569661458334,67832,0.0,0.0,0,0,128,131072,131072,0,393216,0.3333333333333333,3.0,0.25004323323567706,0.5597770718006838,0.2798885359003419
1024,3072,20,-3,0.15852864583333334,62336,0.0,0.0,0,0,128,131072,131072,0,393216,0.3333333333333333,3.0,0.25004323323567706,0.4989018403881205,0.24945092019406026
1024,3072,20,-2,0.13098907470703125,51507,0.0,0.0,0,0,128,131072,131072,0,393216,0.3333333333333333,3.0,0.25004323323567706,0.396291818176191,0.1981459090880955
1024,3072,20,-1,0.10374196370442708,40793,0.0,0.0,0,0,128,131072,131072,0,393216,0.3333333333333333,3.0,0.25004323323567706,0.31478578036756977,0.15739289018378488
1024,3072,20,0,0.07840983072916667,30832,0.0,0.0,0,0,128,131072,131072,0,393216,0.3333333333333333,3.0,0.25004323323567706,0.25004323323567706,0.12502161661783853
1024,3072,20,1,0.055882771809895836,21974,0.0,0.0,0,0,128,131072,131072,0,393216,0.3333333333333333,3.0,0.25004323323567706,0.19861640006084716,0.09930820003042358
1024,3072,20,2,0.0375213623046875,14754,0.0,0.0,0,0,128,131072,131072,0,393216,0.3333333333333333,3.0,0.25004323323567706,0.1577666144476244,0.0788833072238122
1024,3072,20,4,0.01248931884765625,4911,0.0,0.0,0,0,128,131072,131072,0,393216,0.3333333333333333,3.0,0.25004323323567706,0.09954400409950356,0.04977200204975178
2048,6144,30,-6,0.23908233642578125,188022,0.2418975830078125,1.0,63412,128,128,262144,262144,0,786432,0.3333333333333333,3.0,0.24973169962565103,0.9941998033548379,0.49709990167741896
2048,6144,30,-5.5,0.22637939453125,178032,0.20951461791992188,1.0,54923,128,128,262144,262144,0,786432,0.3333333333333333,3.0,0.24973169962565103,0.8860815074323848,0.4430407537161924
2048,6144,30,-5,0.21294148763020834,167464,0.13402175903320312,1.0,35133,128,128,262144,262144,0,786432,0.3333333333333333,3.0,0.24973169962565103,0.7897209747620764,0.3948604873810382
2048,6144,30,-4.75,0.20610682169596353,162089,0.057399749755859375,0.7578125,15047,97,128,262144,262144,0,786432,0.3333333333333333,3.0,0.24973169962565103,0.7455446754552593,0.37277233772762963
2048,6144,30,-4.5,0.19954299926757812,156927,0.0087890625,0.2109375,2304,27,128,262144,262144,0,786432,0.3333333333333333,3.0,0.24973169962565103,0.7038395596205964,0.3519197798102982
2048,6144,30,-4.25,0.19272740681966147,151567,0.000179290771484375,0.0078125,47,1,128,262144,262144,0,786432,0.3333333333333333,3.0,0.24973169962565103,0.6644673914201187,0.33223369571005934
2048,6144,30,-4,0.1858062744140625,146124,0.0,0.0,0,0,128,262144,262144,0,786432,0.3333333333333333,3.0,0.24973169962565103,0.627297667807499,0.3136488339037495
2048,6144,30,-3.5,0.1721649169921875,135396,0.0,0.0,0,0,128,262144,262144,0,786432,0.3333333333333333,3.0,0.24973169962565103,0.559079634922544,0.279539817461272
2048,6144,30,-3,0.15809504191080728,124331,0.0,0.0,0,0,128,262144,262144,0,786432,0.3333333333333333,3.0,0.24973169962565103,0.49828024911618934,0.24914012455809467
2048,6144,30,-2,0.1306584676106771,102754,0.0,0.0,0,0,128,262144,262144,0,786432,0.3333333333333333,3.0,0.24973169962565103,0.395798070678438,0.197899035339219
2048,6144,30,-1,0.10370508829752605,81557,0.0,0.0,0,0,128,262144,262144,0,786432,0.3333333333333333,3.0,0.24973169962565103,0.31439358278928003,0.15719679139464002
2048,6144,30,0,0.07853062947591145,61759,0.0,0.0,0,0,128,262144,262144,0,786432,0.3333333333333333,3.0,0.24973169962565103,0.24973169962565103,0.12486584981282552
2048,6144,30,1,0.05615997314453125,44166,0.0,0.0,0,0,128,262144,262144,0,786432,0.3333333333333333,3.0,0.24973169962565103,0.1983689401183379,0.09918447005916894
2048,6144,30,2,0.037478129069010414,29474,0.0,0.0,0,0,128,262144,262144,0,786432,0.3333333333333333,3.0,0.24973169962565103,0.15757005002832605,0.07878502501416303
2048,6144,30,4,0.012388865152994791,9743,0.0,0.0,0,0,128,262144,262144,0,786432,0.3333333333333333,3.0,0.24973169962565103,0.09941998033548378,0.04970999016774189
2048,8192,40,-6,0.23838520050048828,249965,0.004703521728515625,0.0703125,1233,9,128,262144,262144,0,1048576,0.25,4.0,0.2498626708984375,0.9947212093831661,0.49736060469158305
2048,8192,40,-5.5,0.2255229949951172,236478,0.0,0.0,0,0,128,262144,262144,0,1048576,0.25,4.0,0.2498626708984375,0.8865462110442809,0.44327310552214044
2048,8192,40,-5,0.21243572235107422,222755,0.0,0.0,0,0,128,262144,262144,0,1048576,0.25,4.0,0.2498626708984375,0.7901351422921328,0.3950675711460664
2048,8192,40,-4.75,0.20552825927734375,215512,0.0,0.0,0,0,128,262144,262144,0,1048576,0.25,4.0,0.2498626708984375,0.7459356748166136,0.3729678374083068
2048,8192,40,-4.5,0.1988821029663086,208543,0.0,0.0,0,0,128,262144,262144,0,1048576,0.25,4.0,0.2498626708984375,0.7042086868203038,0.3521043434101519
2048,8192,40,-4.25,0.19219207763671875,201528,0.0,0.0,0,0,128,262144,262144,0,1048576,0.25,4.0,0.2498626708984375,0.6648158699677355,0.3324079349838677
2048,8192,40,-4,0.18528461456298828,194285,0.0,0.0,0,0,128,262144,262144,0,1048576,0.25,4.0,0.2498626708984375,0.6276266527705288,0.3138133263852644
2048,8192,40,-3.5,0.1718454360961914,180193,0.0,0.0,0,0,128,262144,262144,0,1048576,0.25,4.0,0.2498626708984375,0.5593728430794763,0.27968642153973816
2048,8192,40,-3,0.1578502655029297,165518,0.0,0.0,0,0,128,262144,262144,0,1048576,0.25,4.0,0.2498626708984375,0.4985415711611237,0.24927078558056184
2048,8192,40,-2,0.13038253784179688,136716,0.0,0.0,0,0,128,262144,262144,0,1048576,0.25,4.0,0.2498626708984375,0.39600564615708517,0.19800282307854258
2048,8192,40,-1,0.10348320007324219,108510,0.0,0.0,0,0,128,262144,262144,0,1048576,0.25,4.0,0.2498626708984375,0.31455846585280595,0.15727923292640297
2048,8192,40,0,0.07851028442382812,82324,0.0,0.0,0,0,128,262144,262144,0,1048576,0.25,4.0,0.2498626708984375,0.2498626708984375,0.12493133544921875
2048,8192,40,1,0.056303977966308594,59039,0.0,0.0,0,0,128,262144,262144,0,1048576,0.25,4.0,0.2498626708984375,0.19847297429824995,0.09923648714912497
2048,8192,40,2,0.03759765625,39424,0.0,0.0,0,0,128,262144,262144,0,1048576,0.25,4.0,0.2498626708984375,0.15765268731480658,0.07882634365740329
2048,8192,40,4,0.012465476989746094,13071,0.0,0.0,0,0,128,262144,262144,0,1048576,0.25,4.0,0.2498626708984375,0.0994721209383166,0.0497360604691583
